TIME,V(1),V(2),V(3)
0.00000000e+00,0.00000000e+00,0.00000000e+00,0.00000000e+00
1.00000000e-10,3.14159265e-07,1.88495559e-07,2.51327412e-07
3.00000000e-10,9.42477796e-07,5.65486678e-07,7.53982237e-07
7.00000000e-10,2.19911486e-06,1.31946891e-06,1.75929189e-06
1.50000000e-09,4.71238898e-06,2.82743339e-06,3.76991118e-06
3.10000000e-09,9.73893723e-06,5.84336234e-06,7.79114978e-06
6.30000000e-09,1.97920337e-05,1.18752202e-05,1.58336270e-05
1.27000000e-08,3.98982267e-05,2.39389360e-05,3.19185814e-05
2.55000000e-08,8.01106127e-05,4.80663676e-05,6.40884901e-05
5.11000000e-08,1.60535385e-04,9.63212308e-05,1.28428308e-04
1.02300000e-07,3.21384928e-04,1.92830957e-04,2.57107943e-04
2.04700000e-07,6.43084016e-04,3.85850410e-04,5.14467213e-04
4.09500000e-07,1.28648219e-03,7.71889315e-04,1.02918575e-03
8.19100000e-07,2.57327854e-03,1.54396713e-03,2.05862283e-03
1.63830000e-06,5.14687124e-03,3.08812275e-03,4.11749700e-03
3.27670000e-06,1.02940566e-02,6.17643399e-03,8.23524532e-03
6.55350000e-06,2.05884274e-02,1.23530565e-02,1.64707419e-02
1.31071000e-05,4.11771690e-02,2.47063014e-02,3.29417351e-02
2.62143000e-05,8.23546519e-02,4.94127909e-02,6.58837206e-02
5.24287000e-05,1.64709616e-01,9.88257671e-02,1.31767685e-01
1.04857500e-04,3.29419528e-01,1.97651698e-01,2.63535565e-01
2.09715100e-04,6.58839227e-01,3.95303384e-01,5.27070924e-01
4.19430300e-04,1.31767762e+00,7.90605354e-01,1.05413844e+00
8.38860700e-04,2.63534641e+00,1.58119808e+00,2.10824784e+00
1.67772150e-03,5.27061992e+00,3.16229386e+00,4.21626167e+00
3.35544310e-03,1.05406545e+01,6.32376802e+00,8.43064958e+00
6.71088630e-03,2.10766243e+01,1.26409789e+01,1.68463124e+01
1.00663295e-02,3.16032261e+01,1.89450846e+01,2.52320277e+01
1.34217727e-02,4.21157812e+01,2.52295565e+01,3.35728884e+01
1.67772159e-02,5.26096171e+01,3.14878947e+01,4.18540670e+01
2.01326591e-02,6.30800695e+01,3.77136372e+01,5.00608422e+01
2.34881023e-02,7.35224847e+01,4.39003699e+01,5.81786249e+01
2.68435455e-02,8.39322213e+01,5.00417352e+01,6.61929843e+01
3.01989887e-02,9.43046524e+01,5.61314419e+01,7.40896733e+01
3.35544319e-02,1.04635168e+02,6.21632740e+01,8.18546541e+01
3.69098751e-02,1.14919176e+02,6.81310996e+01,8.94741230e+01
4.02653183e-02,1.25152106e+02,7.40288803e+01,9.69345349e+01
4.36207615e-02,1.35329409e+02,7.98506790e+01,1.04222628e+02
4.69762047e-02,1.45446563e+02,8.55906693e+01,1.11325445e+02
5.03316479e-02,1.55499069e+02,9.12431435e+01,1.18230361e+02
5.36870911e-02,1.65482461e+02,9.68025205e+01,1.24925100e+02
5.70425343e-02,1.75392301e+02,1.02263354e+02,1.31397762e+02
6.03979775e-02,1.85224184e+02,1.07620341e+02,1.37636840e+02
6.25000000e-02,1.91341716e+02,1.10921024e+02,1.41421356e+02
6.26899208e-02,1.91892816e+02,1.11217096e+02,1.41758472e+02
6.28579397e-02,1.92380135e+02,1.11478724e+02,1.42056037e+02
6.31939774e-02,1.93354128e+02,1.12001132e+02,1.42649267e+02
6.38660528e-02,1.95299524e+02,1.13042536e+02,1.43828085e+02
6.52102037e-02,1.99179834e+02,1.15111565e+02,1.46154862e+02
6.78985055e-02,2.06897557e+02,1.19193409e+02,1.50682669e+02
7.32751090e-02,2.22153734e+02,1.27123734e+02,1.59217468e+02
7.86517124e-02,2.37156404e+02,1.34727376e+02,1.67025723e+02
8.40283159e-02,2.51888449e+02,1.41986751e+02,1.74071805e+02
8.94049194e-02,2.66333057e+02,1.48885539e+02,1.80323561e+02
9.47815229e-02,2.80473744e+02,1.55408735e+02,1.85752462e+02
1.00158126e-01,2.94294375e+02,1.61542704e+02,1.90333736e+02
1.05534730e-01,3.07779179e+02,1.67275218e+02,1.94046476e+02
1.10911333e-01,3.20912767e+02,1.72595503e+02,1.96873742e+02
1.16287937e-01,3.33680152e+02,1.77494261e+02,1.98802631e+02
1.21664540e-01,3.46066766e+02,1.81963703e+02,1.99824342e+02
1.25000000e-01,3.53553391e+02,1.84517797e+02,2.00000000e+02
1.25537660e-01,3.54745752e+02,1.84913729e+02,1.99995435e+02
1.25922804e-01,3.55597391e+02,1.85194648e+02,1.99986553e+02
1.26693091e-01,3.57294416e+02,1.85749717e+02,1.99954735e+02
1.28233664e-01,3.60663320e+02,1.86832740e+02,1.99834899e+02
1.31314812e-01,3.67299436e+02,1.88890019e+02,1.99370620e+02
1.37477107e-01,3.80156269e+02,1.92567643e+02,1.97546661e+02
1.43639401e-01,3.92443263e+02,1.95660650e+02,1.94538686e+02
1.49801696e-01,4.04141999e+02,1.98168908e+02,1.90364724e+02
1.55963991e-01,4.15234942e+02,2.00094912e+02,1.85049793e+02
1.62126286e-01,4.25705464e+02,2.01443737e+02,1.78625747e+02
1.68288581e-01,4.35537870e+02,2.02222987e+02,1.71131090e+02
1.74450876e-01,4.44717422e+02,2.02442721e+02,1.62610743e+02
1.80613170e-01,4.53230359e+02,2.02115377e+02,1.53115772e+02
1.86775465e-01,4.61063921e+02,2.01255669e+02,1.42703086e+02
1.87500000e-01,4.61939766e+02,2.01120374e+02,1.41421356e+02
1.88116229e-01,4.62677155e+02,2.00999716e+02,1.40321993e+02
1.88575378e-01,4.63222069e+02,2.00906486e+02,1.39497390e+02
1.89493676e-01,4.64300328e+02,2.00711536e+02,1.37834280e+02
1.91330270e-01,4.66410440e+02,2.00287887e+02,1.34453220e+02
1.95003460e-01,4.70444066e+02,1.99307388e+02,1.27478098e+02
2.02349839e-01,4.77757583e+02,1.96828732e+02,1.12728612e+02
2.09696218e-01,4.84053359e+02,1.93690813e+02,9.70190808e+01
2.17042597e-01,4.89317984e+02,1.89933759e+02,8.04832923e+01
2.24388976e-01,4.93540242e+02,1.85600772e+02,6.32620729e+01
2.31735355e-01,4.96711139e+02,1.80737742e+02,4.55020861e+01
2.39081734e-01,4.98823920e+02,1.75392835e+02,2.73545837e+01
2.46428113e-01,4.99874085e+02,1.69616068e+02,8.97411770e+00
2.50000000e-01,5.00000000e+02,1.66666667e+02,2.44925608e-14
2.50503257e-01,4.99997500e+02,1.66244229e+02,-1.26481385e+00
2.50956188e-01,4.99990976e+02,1.65862624e+02,-2.40310450e+00
2.51862050e-01,4.99965780e+02,1.65095455e+02,-4.67941539e+00
2.53673775e-01,4.99866800e+02,1.63545625e+02,-9.22992320e+00
2.57297224e-01,4.99474541e+02,1.60386770e+02,-1.83142310e+01
2.64544121e-01,4.97913721e+02,1.53854507e+02,-3.63502005e+01
2.71791019e-01,4.95320750e+02,1.47078611e+02,-5.40849175e+01
2.79037917e-01,4.91701003e+02,1.40109866e+02,-7.13714054e+01
2.86284815e-01,4.87061985e+02,1.32998528e+02,-8.80664024e+01
2.93531713e-01,4.81413311e+02,1.25793921e+02,-1.04031549e+02
3.00778611e-01,4.74766691e+02,1.18544053e+02,-1.19134533e+02
3.08025508e-01,4.67135903e+02,1.11295238e+02,-1.33250189e+02
3.12500000e-01,4.61939766e+02,1.06839470e+02,-1.41421356e+02
3.13224690e-01,4.61063733e+02,1.06120125e+02,-1.42703359e+02
3.13772387e-01,4.60395311e+02,1.05576967e+02,-1.43664410e+02
3.14867782e-01,4.59042120e+02,1.04492023e+02,-1.45566050e+02
3.17058572e-01,4.56270568e+02,1.02328112e+02,-1.49286230e+02
3.21440151e-01,4.50468648e+02,9.80280691e+01,-1.56384441e+02
3.25821731e-01,4.44325333e+02,9.37722224e+01,-1.63008666e+02
3.30203311e-01,4.37845277e+02,8.95688165e+01,-1.69138828e+02
3.34584890e-01,4.31033393e+02,8.54256818e+01,-1.74756347e+02
3.38966470e-01,4.23894842e+02,8.13502146e+01,-1.79844198e+02
3.43348049e-01,4.16435034e+02,7.73493583e+01,-1.84386959e+02
3.47729629e-01,4.08659624e+02,7.34295872e+01,-1.88370863e+02
3.52111208e-01,4.00574504e+02,6.95968904e+01,-1.91783833e+02
3.56492788e-01,3.92185801e+02,6.58567584e+01,-1.94615525e+02
3.60874367e-01,3.83499872e+02,6.22141713e+01,-1.96857358e+02
3.65255947e-01,3.74523302e+02,5.86735884e+01,-1.98502536e+02
3.69637527e-01,3.65262892e+02,5.52389394e+01,-1.99546073e+02
3.74019106e-01,3.55725660e+02,5.19136179e+01,-1.99984806e+02
3.75000000e-01,3.53553391e+02,5.11844635e+01,-2.00000000e+02
3.75438158e-01,3.52578710e+02,5.08605805e+01,-1.99996968e+02
3.75785330e-01,3.51804529e+02,5.06047561e+01,-1.99990261e+02
3.76479674e-01,3.50251150e+02,5.00952409e+01,-1.99965427e+02
3.77868361e-01,3.47124421e+02,4.90847769e+01,-1.99870091e+02
3.80645737e-01,3.40791923e+02,4.70983506e+01,-1.99496872e+02
3.86200488e-01,3.27817552e+02,4.32651083e+01,-1.98022227e+02
3.91755239e-01,3.14443901e+02,3.96202613e+01,-1.95583117e+02
3.97309989e-01,3.00687259e+02,3.61652792e+01,-1.92191421e+02
4.02864740e-01,2.86564382e+02,3.29002408e+01,-1.87863660e+02
4.08419491e-01,2.72092472e+02,2.98238539e+01,-1.82620910e+02
4.13974242e-01,2.57289155e+02,2.69334825e+01,-1.76488708e+02
4.19528993e-01,2.42172462e+02,2.42251810e+01,-1.69496919e+02
4.25083744e-01,2.26760805e+02,2.16937357e+01,-1.61679597e+02
4.30638495e-01,2.11072954e+02,1.93327122e+01,-1.53074817e+02
4.36193246e-01,1.95128018e+02,1.71345100e+01,-1.43724488e+02
4.37500000e-01,1.91341716e+02,1.66401200e+01,-1.41421356e+02
4.37723060e-01,1.90694107e+02,1.65565726e+01,-1.41024389e+02
4.37909867e-01,1.90151463e+02,1.64867919e+01,-1.40691087e+02
4.38283482e-01,1.89065388e+02,1.63477435e+01,-1.40022158e+02
4.39030710e-01,1.86890120e+02,1.60716884e+01,-1.38675055e+02
4.40525168e-01,1.82527272e+02,1.55276616e+01,-1.35944287e+02
4.43514083e-01,1.73753683e+02,1.44712606e+01,-1.30339901e+02
4.49491914e-01,1.56025784e+02,1.24793514e+01,-1.18587730e+02
4.55469744e-01,1.38077799e+02,1.06370371e+01,-1.06166688e+02
4.61447575e-01,1.19935045e+02,8.92940411e+00,-9.31468328e+01
4.67425405e-01,1.01623114e+02,7.34050424e+00,-7.96016014e+01
4.73403236e-01,8.31678362e+01,5.85348120e+00,-6.56073925e+01
4.79381066e-01,6.45952438e+01,4.45070196e+00,-5.12431380e+01
4.85358897e-01,4.59315351e+01,3.11389292e+00,-3.65898564e+01
4.91336727e-01,2.72030366e+01,1.82427994e+00,-2.17301968e+01
4.97314557e-01,8.43616618e+00,5.62731311e-01,-6.74797225e+00
5.00000000e-01,6.12322693e-14,1.41748592e-15,-4.89859889e-14
5.00000146e-01,-4.58493854e-04,-3.05662569e-05,3.66795083e-04
5.00000438e-01,-1.37548156e-03,-9.16987709e-05,1.10038525e-03
5.00001022e-01,-3.20945698e-03,-2.13963799e-04,2.56756558e-03
5.00002189e-01,-6.87740781e-03,-4.58493854e-04,5.50192625e-03
5.00004524e-01,-1.42133095e-02,-9.47553967e-04,1.13706476e-02
5.00009194e-01,-2.88851128e-02,-1.92567420e-03,2.31080902e-02
5.00018535e-01,-5.82287194e-02,-3.88191473e-03,4.65829752e-02
5.00037215e-01,-1.16915932e-01,-7.79439631e-03,9.35327429e-02
5.00074577e-01,-2.34290351e-01,-1.56193636e-02,1.87432260e-01
5.00149300e-01,-4.69039144e-01,-3.12693313e-02,3.75231150e-01
5.00298746e-01,-9.38536369e-01,-6.25695322e-02,7.50827772e-01
5.00597637e-01,-1.87752792e+00,-1.25172058e-01,1.50201175e+00
5.01195420e-01,-3.75548785e+00,-2.50394106e-01,3.00430553e+00
5.02390986e-01,-7.51122227e+00,-5.00974176e-01,6.00829975e+00
5.04782118e-01,-1.50212077e+01,-1.00322190e+00,1.20115420e+01
5.07173251e-01,-2.25278025e+01,-1.50795415e+00,1.80039401e+01
5.11955515e-01,-3.75240446e+01,-2.52982190e+00,2.99345789e+01
5.16737779e-01,-5.24864097e+01,-3.57642268e+00,4.17571416e+01
5.21520044e-01,-6.74013898e+01,-4.65748188e+00,5.34289441e+01
5.26302308e-01,-8.22555195e+01,-5.78255771e+00,6.49078464e+01
5.31084572e-01,-9.70353885e+01,-6.96099455e+00,7.61524049e+01
5.35866837e-01,-1.11727653e+02,-8.20187709e+00,8.71220222e+01
5.40649101e-01,-1.26319050e+02,-9.51398550e+00,9.77770935e+01
5.45431366e-01,-1.40796405e+02,-1.09057518e+01,1.08079150e+02
5.50213630e-01,-1.55146648e+02,-1.23852174e+01,1.17990996e+02
5.54995894e-01,-1.69356824e+02,-1.39599924e+01,1.27476847e+02
5.59778159e-01,-1.83414104e+02,-1.56372164e+01,1.36502455e+02
5.62500000e-01,-1.91341716e+02,-1.66401200e+01,1.41421356e+02
5.62707272e-01,-1.91943151e+02,-1.67179735e+01,1.41789230e+02
5.62882669e-01,-1.92451840e+02,-1.67840202e+01,1.42099779e+02
5.63233462e-01,-1.93468516e+02,-1.69165703e+01,1.42718805e+02
5.63935049e-01,-1.95499045e+02,-1.71835064e+01,1.43948526e+02
5.65338223e-01,-1.99548665e+02,-1.77247869e+01,1.46374305e+02
5.68144571e-01,-2.07601061e+02,-1.88374884e+01,1.51088596e+02
5.73757268e-01,-2.23509735e+02,-2.11872789e+01,1.59947898e+02
5.79369964e-01,-2.39140467e+02,-2.37095405e+01,1.68011845e+02
5.84982661e-01,-2.54473819e+02,-2.64111605e+01,1.75240338e+02
5.90595357e-01,-2.69490725e+02,-2.92977643e+01,1.81597432e+02
5.96208054e-01,-2.84172509e+02,-3.23736644e+01,1.87051516e+02
6.01820750e-01,-2.98500915e+02,-3.56418154e+01,1.91575469e+02
6.07433446e-01,-3.12458125e+02,-3.91037764e+01,1.95146796e+02
6.13046143e-01,-3.26026783e+02,-4.27596818e+01,1.97747737e+02
6.18658839e-01,-3.39190015e+02,-4.66082182e+01,1.99365360e+02
6.24271536e-01,-3.51931452e+02,-5.06466106e+01,1.99991620e+02
6.25000000e-01,-3.53553391e+02,-5.11844635e+01,2.00000000e+02
6.25393832e-01,-3.54427182e+02,-5.14765438e+01,1.99997551e+02
6.25748281e-01,-3.55211739e+02,-5.17401936e+01,1.99991158e+02
6.26457179e-01,-3.56775564e+02,-5.22696979e+01,1.99966470e+02
6.27874974e-01,-3.59881948e+02,-5.33374855e+01,1.99869491e+02
6.30710565e-01,-3.66008794e+02,-5.55078460e+01,1.99485256e+02
6.36381746e-01,-3.77912042e+02,-5.99847454e+01,1.97957806e+02
6.42052928e-01,-3.89335500e+02,-6.46367066e+01,1.95425380e+02
6.47724109e-01,-4.00264664e+02,-6.94546098e+01,1.91900835e+02
6.53395290e-01,-4.10685659e+02,-7.44278654e+01,1.87402063e+02
6.59066472e-01,-4.20585256e+02,-7.95444505e+01,1.81951904e+02
6.64737653e-01,-4.29950884e+02,-8.47909524e+01,1.75578027e+02
6.70408835e-01,-4.38770654e+02,-9.01526217e+01,1.68312789e+02
6.76080016e-01,-4.47033369e+02,-9.56134313e+01,1.60193076e+02
6.81751198e-01,-4.54728539e+02,-1.01156144e+02,1.51260107e+02
6.87422379e-01,-4.61846393e+02,-1.06762387e+02,1.41559233e+02
6.87500000e-01,-4.61939766e+02,-1.06839470e+02,1.41421356e+02
6.87577621e-01,-4.62033030e+02,-1.06916562e+02,1.41283345e+02
6.87732863e-01,-4.62219227e+02,-1.07070769e+02,1.41006919e+02
6.88043346e-01,-4.62590303e+02,-1.07379282e+02,1.40452458e+02
6.88664313e-01,-4.63327171e+02,-1.07996680e+02,1.39337131e+02
6.89906246e-01,-4.64779737e+02,-1.09232882e+02,1.37081092e+02
6.92390114e-01,-4.67599878e+02,-1.11710157e+02,1.32469408e+02
6.97357848e-01,-4.72897835e+02,-1.16678108e+02,1.22863511e+02
7.02325583e-01,-4.77735102e+02,-1.21652046e+02,1.12778963e+02
7.07293317e-01,-4.82106966e+02,-1.26617305e+02,1.02255052e+02
7.12261052e-01,-4.86009170e+02,-1.31558798e+02,9.13327769e+01
7.17228786e-01,-4.89437911e+02,-1.36461074e+02,8.00546886e+01
7.27164255e-01,-4.94862109e+02,-1.46084691e+02,5.66080355e+01
7.37099724e-01,-4.98358428e+02,-1.55359439e+02,3.22801096e+01
7.47035194e-01,-4.99913248e+02,-1.64154533e+02,7.44964762e+00
7.50000000e-01,-5.00000000e+02,-1.66666667e+02,7.34794170e-14
7.50584870e-01,-4.99996624e+02,-1.67155517e+02,-1.46992637e+00
7.51106196e-01,-4.99987923e+02,-1.67589336e+02,-2.78008378e+00
7.52148847e-01,-4.99954427e+02,-1.68451471e+02,-5.39998442e+00
7.54234148e-01,-4.99823068e+02,-1.70153208e+02,-1.06365551e+01
7.58404752e-01,-4.99302975e+02,-1.73462390e+02,-2.10841952e+01
7.66745959e-01,-4.97234848e+02,-1.79670698e+02,-4.17772453e+01
7.75087166e-01,-4.93801258e+02,-1.85270990e+02,-6.20117106e+01
7.83428372e-01,-4.89011636e+02,-1.90192372e+02,-8.15654794e+01
7.91769579e-01,-4.82879134e+02,-1.94367682e+02,-1.00223912e+02
8.00110786e-01,-4.75420591e+02,-1.97734262e+02,-1.17782196e+02
8.08451993e-01,-4.66656491e+02,-2.00234696e+02,-1.34047596e+02
8.12500000e-01,-4.61939766e+02,-2.01120374e+02,-1.41421356e+02
8.13034790e-01,-4.61294216e+02,-2.01220925e+02,-1.42368560e+02
8.13516102e-01,-4.60708767e+02,-2.01308105e+02,-1.43215547e+02
8.14478725e-01,-4.59525234e+02,-2.01473002e+02,-1.44893773e+02
8.16403970e-01,-4.57107780e+02,-2.01764719e+02,-1.48186377e+02
8.20254461e-01,-4.52072574e+02,-2.02194029e+02,-1.54509512e+02
8.27955444e-01,-4.41211484e+02,-2.02422759e+02,-1.66056793e+02
8.35656426e-01,-4.29317599e+02,-2.01789250e+02,-1.76050151e+02
8.43357408e-01,-4.16418761e+02,-2.00271610e+02,-1.84396069e+02
8.51058390e-01,-4.02545163e+02,-1.97853871e+02,-1.91016449e+02
8.58759373e-01,-3.87729281e+02,-1.94526206e+02,-1.95849338e+02
8.66460355e-01,-3.72005796e+02,-1.90285102e+02,-1.98849511e+02
8.74161337e-01,-3.55411514e+02,-1.85133469e+02,-1.99988893e+02
8.75000000e-01,-3.53553391e+02,-1.84517797e+02,-2.00000000e+02
8.75460425e-01,-3.52529105e+02,-1.84175253e+02,-1.99996652e+02
8.75872061e-01,-3.51610860e+02,-1.83866284e+02,-1.99987991e+02
8.76695333e-01,-3.49767320e+02,-1.83240645e+02,-1.99954615e+02
8.78341878e-01,-3.46052212e+02,-1.81958626e+02,-1.99823666e+02
8.81634967e-01,-3.38511285e+02,-1.79272169e+02,-1.99305223e+02
8.88221145e-01,-3.22997964e+02,-1.73414666e+02,-1.97246034e+02
8.94807323e-01,-3.06931593e+02,-1.66922695e+02,-1.93836492e+02
9.01393501e-01,-2.90339682e+02,-1.59813208e+02,-1.89099941e+02
9.07979679e-01,-2.73250640e+02,-1.52106482e+02,-1.83068806e+02
9.14565857e-01,-2.55693726e+02,-1.43826034e+02,-1.75784377e+02
9.21152035e-01,-2.37699004e+02,-1.34998509e+02,-1.67296522e+02
9.27738213e-01,-2.19297284e+02,-1.25653545e+02,-1.57663351e+02
9.34324391e-01,-2.00520074e+02,-1.15823629e+02,-1.46950812e+02
9.37500000e-01,-1.91341716e+02,-1.10921024e+02,-1.41421356e+02
9.37765767e-01,-1.90570074e+02,-1.10506111e+02,-1.40948260e+02
9.37988496e-01,-1.89922980e+02,-1.10157848e+02,-1.40550565e+02
9.38433954e-01,-1.88627679e+02,-1.09459851e+02,-1.39751875e+02
9.39324871e-01,-1.86032652e+02,-1.08058011e+02,-1.38141382e+02
9.41106704e-01,-1.80825192e+02,-1.05231283e+02,-1.34868656e+02
9.44670371e-01,-1.70342934e+02,-9.94883223e+01,-1.28122032e+02
9.48234038e-01,-1.59775276e+02,-9.36312615e+01,-1.21118508e+02
9.51797705e-01,-1.49127516e+02,-8.76665473e+01,-1.13872126e+02
9.55361371e-01,-1.38404991e+02,-8.16008026e+01,-1.06397417e+02
9.58925038e-01,-1.27613078e+02,-7.54408149e+01,-9.87093672e+01
9.62488705e-01,-1.16757186e+02,-6.91935264e+01,-9.08233930e+01
9.66052371e-01,-1.05842760e+02,-6.28660221e+01,-8.27553066e+01
9.69616038e-01,-9.48752691e+01,-5.64655182e+01,-7.45212856e+01
9.73179705e-01,-8.38602135e+01,-4.99993512e+01,-6.61378401e+01
9.76743372e-01,-7.28031152e+01,-4.34749650e+01,-5.76217799e+01
9.80307038e-01,-6.17095174e+01,-3.68998995e+01,-4.89901810e+01
9.83870705e-01,-5.05849820e+01,-3.02817775e+01,-4.02603507e+01
9.90998039e-01,-2.82654196e+01,-1.69471983e+01,-2.25761752e+01
9.98125372e-01,-5.88918147e+00,-3.53339994e+00,-4.71101836e+00
1.00000000e+00,-1.22464755e-13,-1.00716310e-13,-9.79719778e-14
0.00000000e+00,0.00000000e+00,0.00000000e+00,0.00000000e+00
1.00000000e-10,3.76991118e-07,2.09439510e-07,2.51327412e-07
3.00000000e-10,1.13097336e-06,6.28318531e-07,7.53982237e-07
7.00000000e-10,2.63893783e-06,1.46607657e-06,1.75929189e-06
1.50000000e-09,5.65486678e-06,3.14159265e-06,3.76991118e-06
3.10000000e-09,1.16867247e-05,6.49262482e-06,7.79114978e-06
6.30000000e-09,2.37504405e-05,1.31946891e-05,1.58336270e-05
1.27000000e-08,4.78778720e-05,2.65988178e-05,3.19185814e-05
2.55000000e-08,9.61327352e-05,5.34070751e-05,6.40884901e-05
5.11000000e-08,1.92642462e-04,1.07023590e-04,1.28428308e-04
1.02300000e-07,3.85661914e-04,2.14256619e-04,2.57107943e-04
2.04700000e-07,7.71700819e-04,4.28722677e-04,5.14467213e-04
4.09500000e-07,1.54377863e-03,8.57654794e-04,1.02918575e-03
8.19100000e-07,3.08793425e-03,1.71551903e-03,2.05862283e-03
1.63830000e-06,6.17624549e-03,3.43124750e-03,4.11749700e-03
3.27670000e-06,1.23528680e-02,6.86270443e-03,8.23524532e-03
6.55350000e-06,2.47061129e-02,1.37256183e-02,1.64707419e-02
1.31071000e-05,4.94126028e-02,2.74514460e-02,3.29417351e-02
2.62143000e-05,9.88255823e-02,5.49031010e-02,6.58837206e-02
5.24287000e-05,1.97651539e-01,1.09806408e-01,1.31767685e-01
1.04857500e-04,3.95303433e-01,2.19612999e-01,2.63535565e-01
2.09715100e-04,7.90607072e-01,4.39225999e-01,5.27070924e-01
4.19430300e-04,1.58121315e+00,8.78450529e-01,1.05413844e+00
8.38860700e-04,3.16241569e+00,1.75688785e+00,2.10824784e+00
1.67772150e-03,6.32474391e+00,3.51366853e+00,4.21626167e+00
3.35544310e-03,1.26487854e+01,7.02647832e+00,8.43064958e+00
6.71088630e-03,2.52919491e+01,1.40460872e+01,1.68463124e+01
1.00663295e-02,3.79238713e+01,2.10519663e+01,2.52320277e+01
1.34217727e-02,5.05389375e+01,2.80372753e+01,3.35728884e+01
1.67772159e-02,6.31315405e+01,3.49952025e+01,4.18540670e+01
2.01326591e-02,7.56960834e+01,4.19189752e+01,5.00608422e+01
2.34881023e-02,8.82269816e+01,4.88018689e+01,5.81786249e+01
2.68435455e-02,1.00718666e+02,5.56372166e+01,6.61929843e+01
3.01989887e-02,1.13165583e+02,6.24184187e+01,7.40896733e+01
3.35544319e-02,1.25562201e+02,6.91389518e+01,8.18546541e+01
4.02653183e-02,1.50182527e+02,8.23723540e+01,9.69345349e+01
4.69762047e-02,1.74535875e+02,9.52871068e+01,1.11325445e+02
5.36870911e-02,1.98578953e+02,1.07834685e+02,1.24925100e+02
6.03979775e-02,2.22269020e+02,1.19968620e+02,1.37636840e+02
6.25000000e-02,2.29610059e+02,1.23677139e+02,1.41421356e+02
6.27732396e-02,2.30561399e+02,1.24155836e+02,1.41906110e+02
6.30023260e-02,2.31358486e+02,1.24556576e+02,1.42311243e+02
6.34604987e-02,2.32951221e+02,1.25356396e+02,1.43117967e+02
6.43768442e-02,2.36130886e+02,1.26949347e+02,1.44717155e+02
6.62095351e-02,2.42466627e+02,1.30108127e+02,1.47857755e+02
6.98749170e-02,2.55040823e+02,1.36314299e+02,1.53902073e+02
7.35402989e-02,2.67479754e+02,1.42366562e+02,1.59619933e+02
7.72056808e-02,2.79776820e+02,1.48258676e+02,1.64999209e+02
8.08710627e-02,2.91925502e+02,1.53984663e+02,1.70028488e+02
8.45364446e-02,3.03919355e+02,1.59538819e+02,1.74697102e+02
9.18672083e-02,3.27417217e+02,1.70110243e+02,1.82913513e+02
9.91979721e-02,3.50220561e+02,1.79933108e+02,1.89578763e+02
1.06528736e-01,3.72281018e+02,1.88972449e+02,1.94636328e+02
1.13859500e-01,3.93551793e+02,1.97198371e+02,1.98043320e+02
1.21190263e-01,4.13987766e+02,2.04586204e+02,1.99770846e+02
1.25000000e-01,4.24264069e+02,2.08088023e+02,2.00000000e+02
1.25449842e-01,4.25461529e+02,2.08486111e+02,1.99996805e+02
1.25853774e-01,4.26533885e+02,2.08840791e+02,1.99988489e+02
1.26661640e-01,4.28670348e+02,2.09542250e+02,1.99956401e+02
1.28277370e-01,4.32910085e+02,2.10913497e+02,1.99830406e+02
1.31508832e-01,4.41255278e+02,2.13528884e+02,1.99331373e+02
1.37971754e-01,4.57396599e+02,2.18248440e+02,1.97348722e+02
1.44434677e-01,4.72783781e+02,2.22282955e+02,1.94065083e+02
1.50897600e-01,4.87391456e+02,2.25631186e+02,1.89502102e+02
1.57360522e-01,5.01195538e+02,2.28295133e+02,1.83689861e+02
1.63823445e-01,5.14173268e+02,2.30279982e+02,1.76666677e+02
1.70286368e-01,5.26303249e+02,2.31594032e+02,1.68478847e+02
1.76749290e-01,5.37565481e+02,2.32248610e+02,1.59180349e+02
1.83212213e-01,5.47941395e+02,2.32257959e+02,1.48832482e+02
1.87500000e-01,5.54327720e+02,2.31916359e+02,1.41421356e+02
1.88146292e-01,5.55255541e+02,2.31841229e+02,1.40268144e+02
1.88644080e-01,5.55963927e+02,2.31779178e+02,1.39373606e+02
1.89639655e-01,5.57364377e+02,2.31644193e+02,1.37568202e+02
1.91630806e-01,5.60099793e+02,2.31330960e+02,1.33893086e+02
1.95613107e-01,5.65307215e+02,2.30533651e+02,1.26293738e+02
2.03577709e-01,5.74657298e+02,2.28274507e+02,1.10166224e+02
2.11542311e-01,5.82568563e+02,2.25168211e+02,9.29360688e+01
2.19506913e-01,5.89021200e+02,2.21265643e+02,7.47757283e+01
2.27471514e-01,5.93999054e+02,2.16622007e+02,5.58669669e+01
2.35436116e-01,5.97489661e+02,2.11296234e+02,3.63990399e+01
2.43400718e-01,5.99484282e+02,2.05350361e+02,1.65667995e+01
2.50000000e-01,6.00000000e+02,2.00000000e+02,2.44925608e-14
2.50796460e-01,5.99992487e+02,1.99330266e+02,-2.00168938e+00
2.51370525e-01,5.99977754e+02,1.98844473e+02,-3.44433522e+00
2.52518655e-01,5.99924871e+02,1.97865286e+02,-6.32901409e+00
2.54814915e-01,5.99725448e+02,1.95877209e+02,-1.20938193e+01
2.59407435e-01,5.98952155e+02,1.91787908e+02,-2.35884308e+01
2.68592475e-01,5.95910583e+02,1.83202189e+02,-4.63040170e+01
2.77777515e-01,5.90884824e+02,1.74160472e+02,-6.84034079e+01
2.86962555e-01,5.83891613e+02,1.64766366e+02,-8.95925140e+01
2.96147595e-01,5.74954236e+02,1.55121626e+02,-1.09589359e+02
3.05332635e-01,5.64102450e+02,1.45324872e+02,-1.28127833e+02
3.12500000e-01,5.54327720e+02,1.37635454e+02,-1.41421356e+02
3.13418504e-01,5.52993386e+02,1.36649721e+02,-1.43044222e+02
3.14074239e-01,5.52029513e+02,1.35946116e+02,-1.44191166e+02
3.15385708e-01,5.50073672e+02,1.34539356e+02,-1.46455604e+02
3.18008647e-01,5.46050073e+02,1.31728510e+02,-1.50864545e+02
3.23254525e-01,5.37559092e+02,1.26124312e+02,-1.59186154e+02
3.28500403e-01,5.28484150e+02,1.20555968e+02,-1.66816245e+02
3.33746281e-01,5.18835107e+02,1.15037812e+02,-1.73721671e+02
3.38992159e-01,5.08622444e+02,1.09583336e+02,-1.79872435e+02
3.44238036e-01,4.97857256e+02,1.04205146e+02,-1.85241816e+02
3.49483914e-01,4.86551236e+02,9.89149151e+01,-1.89806491e+02
3.54729792e-01,4.74716668e+02,9.37233463e+01,-1.93546629e+02
3.59975670e-01,4.62366406e+02,8.86401411e+01,-1.96445983e+02
3.65221548e-01,4.49513868e+02,8.36739700e+01,-1.98491958e+02
3.70467426e-01,4.36173015e+02,7.88324496e+01,-1.99675666e+02
3.75000000e-01,4.24264069e+02,7.47546896e+01,-2.00000000e+02
3.75524588e-01,4.22863357e+02,7.42892343e+01,-1.99995654e+02
3.75904413e-01,4.21846310e+02,7.39530754e+01,-1.99987083e+02
3.76664065e-01,4.19805012e+02,7.32829129e+01,-1.99956274e+02
3.78183368e-01,4.15693772e+02,7.19512594e+01,-1.99839994e+02
3.81221973e-01,4.07358029e+02,6.93230159e+01,-1.99388981e+02
3.87299184e-01,3.90244190e+02,6.42093993e+01,-1.97615992e+02
3.93376395e-01,3.72561431e+02,5.92901307e+01,-1.94691039e+02
3.99453606e-01,3.54335529e+02,5.45681196e+01,-1.90631170e+02
4.05530817e-01,3.35593056e+02,5.00443343e+01,-1.85460053e+02
4.11608028e-01,3.16361335e+02,4.57178346e+01,-1.79207832e+02
4.17685239e-01,2.96668405e+02,4.15858176e+01,-1.71910952e+02
4.23762450e-01,2.76542973e+02,3.76436745e+01,-1.63611950e+02
4.29839661e-01,2.56014381e+02,3.38850595e+01,-1.54359202e+02
4.35916872e-01,2.35112555e+02,3.03019695e+01,-1.44206647e+02
4.37500000e-01,2.29610059e+02,2.93962344e+01,-1.41421356e+02
4.37739275e-01,2.28776419e+02,2.92603099e+01,-1.40995489e+02
4.37939099e-01,2.28079829e+02,2.91469895e+01,-1.40638860e+02
4.38338749e-01,2.26685570e+02,2.89208755e+01,-1.39922944e+02
4.39138047e-01,2.23892774e+02,2.84707441e+01,-1.38480541e+02
4.40736644e-01,2.18290310e+02,2.75787797e+01,-1.35553971e+02
4.43933837e-01,2.07019883e+02,2.58273174e+01,-1.29537931e+02
4.50328224e-01,1.84232990e+02,2.24481030e+01,-1.16888681e+02
4.56722611e-01,1.61148748e+02,1.92212126e+01,-1.03485110e+02
4.63116997e-01,1.37804414e+02,1.61302330e+01,-8.94137155e+01
4.69511384e-01,1.14237667e+02,1.31574540e+01,-7.47653048e+01
4.75905771e-01,9.04865417e+01,1.02840442e+01,-5.96344090e+01
4.82300158e-01,6.65893726e+01,7.49023330e+00,-4.41186727e+01
4.88694544e-01,4.25847294e+01,4.75550178e+00,-2.83182241e+01
4.95088931e-01,1.85113552e+01,2.05877551e+00,-1.23350286e+01
5.00000000e-01,7.34789833e-14,-8.41492674e-15,-4.89859889e-14
5.00000156e-01,-5.88531987e-04,-6.53924430e-05,3.92354658e-04
5.00000468e-01,-1.76559596e-03,-1.96177329e-04,1.17706397e-03
5.00001093e-01,-4.11972391e-03,-4.57747101e-04,2.74648261e-03
5.00002342e-01,-8.82797981e-03,-9.80886646e-04,5.88531987e-03
5.00004840e-01,-1.82444916e-02,-2.02716574e-03,1.21629944e-02
5.00009835e-01,-3.70775152e-02,-4.11972392e-03,2.47183434e-02
5.00019826e-01,-7.47435622e-02,-8.30484037e-03,4.98290411e-02
5.00039809e-01,-1.50075655e-01,-1.66750738e-02,1.00050434e-01
5.00079774e-01,-3.00739833e-01,-3.34155454e-02,2.00493197e-01
5.00159704e-01,-6.02068122e-01,-6.68965253e-02,4.01378546e-01
5.00319563e-01,-1.20472417e+00,-1.33858781e-01,8.03147827e-01
5.00639283e-01,-2.41003201e+00,-2.67785655e-01,1.60667504e+00
5.01278721e-01,-4.82061364e+00,-5.35658314e-01,3.21363870e+00
5.02557599e-01,-9.64150456e+00,-1.07155493e+00,6.42683978e+00
5.05115353e-01,-1.92811076e+01,-2.14455819e+00,1.28474330e+01
5.07673108e-01,-2.89157309e+01,-3.22032537e+00,1.92547548e+01
5.12788617e-01,-4.81600874e+01,-5.38565252e+00,3.20031298e+01
5.17904127e-01,-6.73546944e+01,-7.57846413e+00,4.46193021e+01
5.23019636e-01,-8.64797242e+01,-9.80952304e+00,5.70511550e+01
5.28135146e-01,-1.05515420e+02,-1.20893622e+01,6.92473337e+01
5.33250655e-01,-1.24442119e+02,-1.44282210e+01,8.11574563e+01
5.38366165e-01,-1.43240269e+02,-1.68359821e+01,9.27323231e+01
5.43481674e-01,-1.61890452e+02,-1.93221111e+01,1.03924119e+02
5.48597183e-01,-1.80373403e+02,-2.18955970e+01,1.14686612e+02
5.53712693e-01,-1.98670027e+02,-2.45648952e+01,1.24975342e+02
5.58828202e-01,-2.16761426e+02,-2.73378729e+01,1.34747807e+02
5.62500000e-01,-2.29610059e+02,-2.93962344e+01,1.41421356e+02
5.62719838e-01,-2.30375525e+02,-2.95213408e+01,1.41811503e+02
5.62905634e-01,-2.31022111e+02,-2.96272408e+01,1.42140389e+02
5.63277224e-01,-2.32314338e+02,-2.98395011e+01,1.42795835e+02
5.64020405e-01,-2.34894986e+02,-3.02658712e+01,1.44097373e+02
5.65506766e-01,-2.40040861e+02,-3.11260763e+01,1.46662632e+02
5.68479489e-01,-2.50269355e+02,-3.28768594e+01,1.51638777e+02
5.74424936e-01,-2.70460876e+02,-3.65037390e+01,1.60949659e+02
5.80370382e-01,-2.90275013e+02,-4.03041577e+01,1.69362540e+02
5.86315828e-01,-3.09684120e+02,-4.42845461e+01,1.76830481e+02
5.92261274e-01,-3.28661114e+02,-4.84497656e+01,1.83311817e+02
5.98206720e-01,-3.47179516e+02,-5.28030436e+01,1.88770385e+02
6.04152166e-01,-3.65213487e+02,-5.73459190e+01,1.93175730e+02
6.10097612e-01,-3.82737863e+02,-6.20781970e+01,1.96503272e+02
6.16043058e-01,-3.99728192e+02,-6.69979152e+01,1.98734446e+02
6.21988505e-01,-4.16160766e+02,-7.21013210e+01,1.99856804e+02
6.25000000e-01,-4.24264069e+02,-7.47546896e+01,2.00000000e+02
6.25405342e-01,-4.25343223e+02,-7.51152726e+01,1.99997405e+02
6.25770149e-01,-4.26312104e+02,-7.54404900e+01,1.99990634e+02
6.26499765e-01,-4.28243140e+02,-7.60928861e+01,1.99964482e+02
6.27958995e-01,-4.32078173e+02,-7.74054735e+01,1.99861752e+02
6.30877456e-01,-4.39638953e+02,-8.00614033e+01,1.99454743e+02
6.36714378e-01,-4.54314543e+02,-8.54925430e+01,1.97836914e+02
6.42551300e-01,-4.68379141e+02,-9.10746515e+01,1.95155186e+02
6.48388222e-01,-4.81813832e+02,-9.67966166e+01,1.91423982e+02
6.54225145e-01,-4.94600548e+02,-1.02645727e+02,1.86663365e+02
6.60062067e-01,-5.06722092e+02,-1.08607718e+02,1.80898938e+02
6.65898989e-01,-5.18162164e+02,-1.14666822e+02,1.74161699e+02
6.71735911e-01,-5.28905378e+02,-1.20805833e+02,1.66487879e+02
6.77572833e-01,-5.38937284e+02,-1.27006180e+02,1.57918744e+02
6.83409755e-01,-5.48244393e+02,-1.33248005e+02,1.48500378e+02
6.87500000e-01,-5.54327720e+02,-1.37635454e+02,1.41421356e+02
6.88083692e-01,-5.55166072e+02,-1.38261940e+02,1.40380251e+02
6.88605972e-01,-5.55909889e+02,-1.38822536e+02,1.39442281e+02
6.89650530e-01,-5.57379554e+02,-1.39943731e+02,1.37548362e+02
6.91739647e-01,-5.60246795e+02,-1.42185679e+02,1.33689757e+02
6.95917882e-01,-5.65691213e+02,-1.46664115e+02,1.25698869e+02
7.04274351e-01,-5.75407008e+02,-1.55568759e+02,1.08700730e+02
7.12630820e-01,-5.83536885e+02,-1.64343953e+02,9.05050271e+01
7.20987289e-01,-5.90058438e+02,-1.72915405e+02,7.13122240e+01
7.29343758e-01,-5.94953690e+02,-1.81206640e+02,5.13337689e+01
7.37700226e-01,-5.98209151e+02,-1.89139795e+02,3.07897659e+01
7.46056695e-01,-5.99815847e+02,-1.96636432e+02,9.90654991e+00
7.50000000e-01,-6.00000000e+02,-2.00000000e+02,7.34794170e-14
7.50587567e-01,-5.99995911e+02,-2.00490872e+02,-1.47670462e+00
7.51116378e-01,-5.99985239e+02,-2.00930304e+02,-2.80567225e+00
7.52174000e-01,-5.99944025e+02,-2.01802401e+02,-5.46317713e+00
7.54289242e-01,-5.99782121e+02,-2.03518981e+02,-1.07748227e+01
7.58519728e-01,-5.99140534e+02,-2.06837354e+02,-2.13715292e+01
7.66980699e-01,-5.96588227e+02,-2.12980747e+02,-4.23540148e+01
7.75441670e-01,-5.92350250e+02,-2.18402800e+02,-6.28581506e+01
7.83902641e-01,-5.86438578e+02,-2.23030313e+02,-8.26523612e+01
7.92363612e-01,-5.78869914e+02,-2.26794334e+02,-1.01513089e+02
8.00824584e-01,-5.69665643e+02,-2.29630988e+02,-1.19227320e+02
8.09285555e-01,-5.58851772e+02,-2.31482253e+02,-1.35594987e+02
8.12500000e-01,-5.54327720e+02,-2.31916359e+02,-1.41421356e+02
8.13069799e-01,-5.53502130e+02,-2.31977491e+02,-1.42430342e+02
8.13582617e-01,-5.52753034e+02,-2.32028407e+02,-1.43332186e+02
8.14608255e-01,-5.51237633e+02,-2.32118538e+02,-1.45117982e+02
8.16659530e-01,-5.48138218e+02,-2.32251727e+02,-1.48616962e+02
8.20762079e-01,-5.41666761e+02,-2.32327731e+02,-1.55316431e+02
8.28967179e-01,-5.27648702e+02,-2.31703075e+02,-1.67460522e+02
8.37172278e-01,-5.12228552e+02,-2.30018138e+02,-1.77825863e+02
8.45377377e-01,-4.95447286e+02,-2.27249880e+02,-1.86302354e+02
8.53582477e-01,-4.77349497e+02,-2.23383151e+02,-1.92799957e+02
8.61787576e-01,-4.57983274e+02,-2.18410977e+02,-1.97249657e+02
8.69992675e-01,-4.37400078e+02,-2.12334756e+02,-1.99604189e+02
8.75000000e-01,-4.24264069e+02,-2.08088023e+02,-2.00000000e+02
8.75475191e-01,-4.22995448e+02,-2.07663961e+02,-1.99996434e+02
8.75897560e-01,-4.21864683e+02,-2.07283987e+02,-1.99987278e+02
8.76742297e-01,-4.19594246e+02,-2.06515437e+02,-1.99952066e+02
8.78431772e-01,-4.15017977e+02,-2.04944010e+02,-1.99814053e+02
8.81810721e-01,-4.05725662e+02,-2.01664537e+02,-1.99267950e+02
8.88568619e-01,-3.86596697e+02,-1.94565475e+02,-1.97099729e+02
8.95326518e-01,-3.66770824e+02,-1.86760581e+02,-1.93510920e+02
9.02084416e-01,-3.46283781e+02,-1.78270390e+02,-1.88527390e+02
9.08842314e-01,-3.25172501e+02,-1.69119186e+02,-1.82185057e+02
9.15600213e-01,-3.03475040e+02,-1.59334891e+02,-1.74529633e+02
9.22358111e-01,-2.81230511e+02,-1.48948935e+02,-1.65616294e+02
9.29116009e-01,-2.58479015e+02,-1.37996099e+02,-1.55509283e+02
9.35873908e-01,-2.35261565e+02,-1.26514337e+02,-1.44281446e+02
9.37500000e-01,-2.29610059e+02,-1.23677139e+02,-1.41421356e+02
9.37773817e-01,-2.28656030e+02,-1.23196645e+02,-1.40933905e+02
9.38003414e-01,-2.27855550e+02,-1.22793146e+02,-1.40523888e+02
9.38462609e-01,-2.26253169e+02,-1.21984506e+02,-1.39700349e+02
9.39380997e-01,-2.23042769e+02,-1.20360704e+02,-1.38039342e+02
9.41217774e-01,-2.16599797e+02,-1.17087398e+02,-1.34662397e+02
9.44891328e-01,-2.03628169e+02,-1.10441098e+02,-1.27695124e+02
9.52238435e-01,-1.77366440e+02,-9.67754057e+01,-1.12959777e+02
9.59585543e-01,-1.50726803e+02,-8.26630088e+01,-9.72622235e+01
9.66932651e-01,-1.23766017e+02,-6.81673985e+01,-8.07361787e+01
9.74279758e-01,-9.65415267e+01,-5.33546465e+01,-6.35224130e+01
9.81626866e-01,-6.91113387e+01,-3.82929647e+01,-4.57675554e+01
9.88973974e-01,-4.15338976e+01,-2.30522472e+01,-2.76228441e+01
9.96321081e-01,-1.38679617e+01,-7.70359986e+00,-9.24283791e+00
1.00000000e+00,-1.46957533e-13,-4.96686026e-14,-9.79719778e-14
